{
  "version": "v20251225_062245",
  "created_at": "2025-12-25T06:22:50.519411",
  "model_type": "LogisticRegression",
  "accuracy": 0.9458186101295641,
  "precision": 0.9460426115608832,
  "recall": 0.9458186101295641,
  "f1_score": 0.9457393016142076,
  "confusion_matrix": [
    [
      358,
      29
    ],
    [
      17,
      445
    ]
  ],
  "training_samples": 3395,
  "test_samples": 849,
  "vocabulary_size": 2053,
  "max_features": 10000,
  "cv_mean_accuracy": 0.9410898379970545,
  "cv_std_accuracy": 0.006317411072025667
}